GAMEID,cluster
GAME_6666,19
GAME_5036,24
GAME_5992,19
GAME_4161,19
GAME_6012,19
GAME_5633,24
GAME_1444,19
GAME_6418,19
GAME_5747,6
GAME_6372,19
GAME_6626,7
GAME_2870,15
GAME_5254,15
GAME_5614,7
GAME_5954,24
GAME_5369,4
GAME_5263,19
GAME_6783,24
GAME_6375,24
GAME_5830,19
GAME_6417,19
GAME_6371,19
GAME_5816,19
GAME_6748,1
GAME_6534,7
GAME_6578,24
GAME_5941,19
GAME_5873,0
GAME_5517,1
GAME_6373,19
GAME_4448,24
GAME_3460,24
GAME_6715,19
GAME_3916,19
GAME_6703,24
GAME_4155,19
GAME_5831,19
GAME_6274,19
GAME_5580,24
GAME_1593,7
GAME_4663,7
GAME_6723,19
GAME_3437,19
GAME_3930,19
GAME_5977,19
GAME_4741,19
GAME_5602,24
GAME_5380,4
GAME_5820,19
GAME_5897,19
GAME_4735,19
GAME_3451,24
GAME_5376,4
GAME_6577,24
GAME_5955,24
GAME_6013,19
GAME_4159,19
GAME_4738,19
GAME_8039,19
GAME_4510,19
GAME_4953,20
GAME_5433,19
GAME_3777,19
GAME_5264,19
GAME_6784,24
GAME_5375,4
GAME_5334,19
GAME_6376,24
GAME_5635,24
GAME_3172,19
GAME_3750,5
GAME_5818,19
GAME_4938,24
GAME_3225,19
GAME_5400,19
GAME_3774,19
GAME_4701,19
GAME_6535,7
GAME_5817,19
GAME_3340,19
GAME_6006,7
GAME_6653,24
GAME_4951,20
GAME_5372,4
GAME_4167,24
GAME_4165,19
GAME_3177,19
GAME_1464,5
GAME_3780,19
GAME_5998,19
GAME_6014,19
GAME_4752,19
GAME_4714,19
GAME_5377,4
GAME_4703,19
GAME_6413,7
GAME_4626,1
GAME_3166,19
GAME_5265,19
GAME_4152,19
GAME_5371,4
GAME_6299,1
GAME_5325,1
GAME_4381,1
GAME_3495,24
GAME_5929,1
GAME_5401,19
GAME_5617,7
GAME_5373,4
GAME_3176,19
GAME_5834,19
GAME_4550,24
GAME_5836,19
GAME_5319,19
GAME_5402,19
GAME_4742,19
GAME_2442,17
GAME_5835,19
GAME_3837,19
GAME_6179,19
GAME_5619,7
GAME_5783,7
GAME_3603,19
GAME_6180,19
GAME_3606,19
GAME_5169,19
GAME_1608,7
GAME_4770,19
GAME_5883,1
GAME_6532,7
GAME_6002,19
GAME_6599,24
GAME_6701,24
GAME_6576,24
GAME_5802,19
GAME_5885,1
GAME_4499,24
GAME_5859,19
GAME_5350,1
GAME_5331,24
GAME_5683,24
GAME_3275,19
GAME_4865,24
GAME_4323,7
GAME_3595,7
GAME_4418,1
GAME_5141,7
GAME_4955,20
GAME_11039,19
GAME_4715,19
GAME_5923,19
GAME_2326,1
GAME_3751,1
GAME_5661,7
GAME_6301,1
GAME_5175,7
GAME_5388,4
GAME_5322,19
GAME_4591,19
GAME_5378,4
GAME_3342,19
GAME_5819,19
GAME_6749,1
GAME_5978,19
GAME_5168,1
GAME_5544,24
GAME_6419,19
GAME_5618,7
GAME_6004,7
GAME_10947,1
GAME_5570,20
GAME_3572,12
GAME_3959,19
GAME_5833,19
GAME_5601,24
GAME_6652,24
GAME_6625,7
GAME_5140,7
GAME_4592,19
GAME_5867,19
GAME_6624,7
GAME_5600,24
GAME_4258,19
GAME_4917,10
GAME_5691,7
GAME_4021,9
GAME_5329,1
GAME_4702,19
GAME_5039,24
GAME_5606,1
GAME_3740,19
GAME_5332,19
GAME_5290,1
GAME_4722,7
GAME_4723,20
GAME_6341,24
GAME_5733,19
GAME_5213,7
GAME_3850,7
GAME_4627,7
GAME_5165,19
GAME_5321,19
GAME_3883,7
GAME_4704,19
GAME_3453,24
GAME_3960,19
GAME_5167,19
GAME_5607,1
GAME_6600,24
GAME_5616,7
GAME_4912,19
GAME_6647,20
GAME_5626,19
GAME_5552,24
GAME_3838,19
GAME_5528,24
GAME_6651,24
GAME_4440,24
GAME_4706,19
GAME_3374,19
GAME_5208,7
GAME_5608,1
GAME_5913,24
GAME_3016,24
GAME_4519,19
GAME_4866,24
GAME_9289,19
GAME_4528,1
GAME_5906,1
GAME_3554,4
GAME_6414,7
GAME_5149,19
GAME_5997,19
GAME_2664,1
GAME_4762,1
GAME_4815,6
GAME_5791,1
GAME_6646,20
GAME_9285,19
GAME_5939,19
GAME_3588,7
GAME_4586,19
GAME_5904,19
GAME_5903,19
GAME_5848,7
GAME_5884,1
GAME_5905,1
GAME_5821,19
GAME_5489,1
GAME_5485,19
GAME_5462,24
GAME_5228,24
GAME_3822,19
GAME_10826,17
GAME_4855,19
GAME_9841,24
GAME_5942,19
GAME_4552,24
GAME_5027,24
GAME_4721,7
GAME_2861,15
GAME_1745,19
GAME_6721,19
GAME_2207,19
GAME_4733,1
GAME_4687,7
GAME_3255,7
GAME_6392,24
GAME_4656,7
GAME_5657,7
GAME_4950,24
GAME_2305,24
GAME_5781,7
GAME_3980,19
GAME_4338,19
GAME_9761,16
GAME_5847,7
GAME_5975,19
GAME_5445,19
GAME_4163,24
GAME_4160,19
GAME_5725,19
GAME_5911,24
GAME_4787,24
GAME_5568,20
GAME_5313,24
GAME_5557,24
GAME_3364,19
GAME_1492,20
GAME_6300,1
GAME_10606,19
GAME_4416,1
GAME_4156,19
GAME_4593,19
GAME_5540,24
GAME_5996,19
GAME_4725,7
GAME_4515,19
GAME_5335,24
GAME_4517,19
GAME_5219,1
GAME_4915,10
GAME_6724,19
GAME_5621,7
GAME_5381,4
GAME_4828,24
GAME_4585,19
GAME_3896,19
GAME_4599,17
GAME_1442,19
GAME_5015,24
GAME_5921,19
GAME_2656,1
GAME_4560,7
GAME_5430,19
GAME_6350,19
GAME_5395,19
GAME_1581,7
GAME_5849,7
GAME_6627,7
GAME_4598,17
GAME_5396,19
GAME_4256,19
GAME_8038,19
GAME_5412,19
GAME_6283,1
GAME_4534,19
GAME_4169,19
GAME_5453,9
GAME_4449,24
GAME_5193,7
GAME_5956,1
GAME_4353,24
GAME_5267,19
GAME_4655,19
GAME_6654,24
GAME_5519,1
GAME_5807,7
GAME_3593,1
GAME_4028,19
GAME_5968,19
GAME_5918,24
GAME_4765,1
GAME_3843,7
GAME_4348,19
GAME_4885,7
GAME_5827,21
GAME_4140,9
GAME_6692,1
GAME_4833,19
GAME_5398,19
GAME_10614,19
GAME_5940,19
GAME_5533,1
GAME_3279,19
GAME_6275,24
GAME_4509,1
GAME_4589,19
GAME_4660,7
GAME_6351,19
GAME_5976,19
GAME_5527,24
GAME_6005,7
GAME_5912,24
GAME_5720,24
GAME_3167,19
GAME_6691,1
GAME_5787,7
GAME_6501,24
GAME_3609,19
GAME_5164,1
GAME_2742,19
GAME_5871,0
GAME_4812,6
GAME_5405,19
GAME_6177,19
GAME_5110,24
GAME_5301,7
GAME_3749,19
GAME_5501,19
GAME_5865,19
GAME_5173,7
GAME_4118,9
GAME_5302,7
GAME_5553,24
GAME_4369,24
GAME_5206,7
GAME_5320,19
GAME_2209,19
GAME_4587,19
GAME_4120,24
GAME_5262,19
GAME_3823,20
GAME_5538,24
GAME_2674,24
GAME_4514,1
GAME_5572,24
GAME_4508,19
GAME_4657,7
GAME_3610,19
GAME_5197,7
GAME_4625,7
GAME_4875,7
GAME_4154,19
GAME_5693,7
GAME_5632,24
GAME_5727,19
GAME_3979,19
GAME_2193,7
GAME_5084,15
GAME_1452,7
GAME_5515,1
GAME_5452,9
GAME_5999,19
GAME_4957,20
GAME_1746,24
GAME_2324,1
GAME_5142,7
GAME_4685,19
GAME_3302,19
GAME_5994,19
GAME_5805,7
GAME_5861,19
GAME_2879,15
GAME_3697,24
GAME_6126,1
GAME_5808,7
GAME_5660,1
GAME_4319,7
GAME_3589,1
GAME_3819,20
GAME_4307,24
GAME_5603,24
GAME_4536,19
GAME_5358,1
GAME_4259,19
GAME_3540,19
GAME_4840,24
GAME_4121,9
GAME_3557,12
GAME_5204,7
GAME_3773,19
GAME_2174,19
GAME_6125,1
GAME_5406,24
GAME_5217,1
GAME_1803,24
GAME_2869,15
GAME_5008,19
GAME_4540,7
GAME_5732,19
GAME_5627,19
GAME_4239,24
GAME_5461,19
GAME_5023,19
GAME_4746,1
GAME_4816,6
GAME_5444,19
GAME_4817,6
GAME_5586,24
GAME_5455,9
GAME_5548,24
GAME_5589,24
GAME_4805,19
GAME_5166,1
GAME_3553,4
GAME_6178,19
GAME_6093,1
GAME_1753,19
GAME_1186,19
GAME_5413,19
GAME_5806,7
GAME_3434,19
GAME_5486,19
GAME_5030,24
GAME_3864,19
GAME_4779,24
GAME_1763,19
GAME_3991,19
GAME_3558,12
GAME_4778,24
GAME_1463,7
GAME_975,19
GAME_5574,24
GAME_4339,1
GAME_4962,19
GAME_5695,19
GAME_969,19
GAME_5227,24
GAME_5207,7
GAME_5947,19
GAME_2738,19
GAME_5612,7
GAME_5212,7
GAME_4747,19
GAME_3776,19
GAME_1496,20
GAME_4341,1
GAME_4306,24
GAME_5075,23
GAME_4354,24
GAME_5804,7
GAME_4919,19
GAME_6133,24
GAME_5526,24
GAME_3171,19
GAME_6204,21
GAME_4661,7
GAME_5577,24
GAME_5218,1
GAME_4359,24
GAME_4325,7
GAME_4649,19
GAME_3600,1
GAME_5384,4
GAME_4766,19
GAME_6579,24
GAME_5597,1
GAME_3492,24
GAME_5622,7
GAME_4346,19
GAME_4229,1
GAME_4465,1
GAME_3617,19
GAME_4664,7
GAME_3849,7
GAME_5379,4
GAME_4207,19
GAME_4934,9
GAME_4676,24
GAME_3116,19
GAME_10880,1
GAME_5250,15
GAME_4804,19
GAME_5774,24
GAME_5224,24
GAME_4119,24
GAME_3215,20
GAME_5420,19
GAME_5696,19
GAME_5615,7
GAME_4123,24
GAME_4650,1
GAME_4124,9
GAME_4716,19
GAME_4835,5
GAME_3550,4
GAME_5579,19
GAME_4242,24
GAME_3811,24
GAME_5899,19
GAME_4859,19
GAME_4351,1
GAME_3431,19
GAME_5822,21
GAME_4658,7
GAME_6339,24
GAME_4153,24
GAME_5370,4
GAME_11148,7
GAME_4789,24
GAME_6340,24
GAME_5040,24
GAME_5507,19
GAME_5090,15
GAME_4838,5
GAME_5993,19
GAME_6015,19
GAME_2740,19
GAME_6184,7
GAME_4126,24
GAME_4125,24
GAME_4554,24
GAME_4131,24
GAME_4130,9
GAME_5097,1
GAME_4944,19
GAME_5349,1
GAME_4760,1
GAME_4200,19
GAME_4026,19
GAME_4397,1
GAME_5418,19
GAME_4810,6
GAME_4792,24
GAME_5148,19
GAME_5456,19
GAME_4734,19
GAME_5477,24
GAME_3596,1
GAME_2182,19
GAME_4099,19
GAME_4466,7
GAME_5917,24
GAME_4538,7
GAME_4697,19
GAME_4946,19
GAME_5210,7
GAME_3755,1
GAME_6288,1
GAME_5595,1
GAME_5205,7
GAME_5139,7
GAME_4526,1
GAME_5560,24
GAME_4137,9
GAME_5654,23
GAME_4645,19
GAME_5891,19
GAME_4225,1
GAME_11904,24
GAME_5826,21
GAME_4573,19
GAME_5424,24
GAME_5223,24
GAME_4296,19
GAME_5007,19
GAME_1743,13
GAME_4818,6
GAME_4034,19
GAME_5185,24
GAME_5966,19
GAME_4287,24
GAME_4414,1
GAME_5394,17
GAME_4936,24
GAME_6098,15
GAME_4133,9
GAME_5187,24
GAME_6127,1
GAME_11905,24
GAME_3965,19
GAME_11150,7
GAME_3613,19
GAME_5648,23
GAME_3779,19
GAME_3438,19
GAME_5907,1
GAME_4927,19
GAME_3949,19
GAME_4597,17
GAME_2312,24
GAME_6394,24
GAME_5721,24
GAME_5860,19
GAME_2208,19
GAME_4360,24
GAME_5481,24
GAME_4038,19
GAME_4226,7
GAME_4889,1
GAME_5285,19
GAME_2494,19
GAME_5789,7
GAME_4836,19
GAME_6702,24
GAME_5211,7
GAME_2564,11
GAME_5799,19
GAME_4420,1
GAME_6667,19
GAME_5928,1
GAME_1752,13
GAME_5225,24
GAME_5872,0
GAME_2308,24
GAME_5690,7
GAME_5393,17
GAME_2654,24
GAME_3953,7
GAME_5383,4
GAME_4772,19
GAME_2875,15
GAME_4867,24
GAME_4343,1
GAME_6502,24
GAME_5509,19
GAME_4761,19
GAME_7248,1
GAME_4157,24
GAME_5459,24
GAME_5458,19
GAME_4777,24
GAME_5670,19
GAME_4244,24
GAME_2547,24
GAME_5299,24
GAME_5556,24
GAME_6205,21
GAME_4880,7
GAME_6716,19
GAME_3714,7
GAME_1969,7
GAME_4530,19
GAME_5191,7
GAME_4829,5
GAME_4273,19
GAME_5636,24
GAME_4887,1
GAME_5532,1
GAME_4750,19
GAME_3284,19
GAME_4637,19
GAME_5765,24
GAME_1176,19
GAME_3931,24
GAME_1744,19
GAME_5431,19
GAME_3118,7
GAME_4464,7
GAME_4926,19
GAME_3745,5
GAME_1807,1
GAME_2176,19
GAME_6393,24
GAME_972,19
GAME_5408,24
GAME_3783,19
GAME_6420,19
GAME_5511,19
GAME_5209,7
GAME_5122,9
GAME_4940,24
GAME_3824,19
GAME_4164,19
GAME_6092,1
GAME_6100,15
GAME_5893,19
GAME_4064,19
GAME_10834,17
GAME_6704,24
GAME_4602,17
GAME_6722,19
GAME_5957,1
GAME_6134,24
GAME_4321,7
GAME_5898,19
GAME_5478,24
GAME_4913,10
GAME_4148,1
GAME_5578,24
GAME_1453,5
GAME_3741,5
GAME_5689,7
GAME_4507,1
GAME_3920,19
GAME_5065,1
GAME_1762,19
GAME_1761,13
GAME_4158,19
GAME_5425,24
GAME_4964,19
GAME_9562,19
GAME_5028,24
GAME_5457,24
GAME_5109,24
GAME_4545,24
GAME_3134,7
GAME_3300,19
GAME_4496,1
GAME_4030,19
GAME_5296,24
GAME_4925,19
GAME_5283,19
GAME_4638,19
GAME_5719,24
GAME_4413,1
GAME_5646,23
GAME_4718,19
GAME_5924,19
GAME_4820,6
GAME_4856,19
GAME_5243,19
GAME_4095,19
GAME_1446,19
GAME_4775,24
GAME_5730,19
GAME_5186,24
GAME_4644,1
GAME_4879,7
GAME_4705,19
GAME_3832,19
GAME_4027,19
GAME_5099,1
GAME_5021,19
GAME_3485,24
GAME_6203,21
GAME_5251,15
GAME_5746,6
GAME_3923,24
GAME_5147,19
GAME_5737,19
GAME_5305,7
GAME_5630,19
GAME_3489,5
GAME_5837,19
GAME_3616,19
GAME_7244,1
GAME_5685,24
GAME_5777,24
GAME_5327,1
GAME_4168,19
GAME_4500,1
GAME_5071,19
GAME_4945,19
GAME_5628,19
GAME_4549,24
GAME_5177,7
GAME_3493,5
GAME_2837,19
GAME_5203,7
GAME_5809,7
GAME_5624,7
GAME_5089,15
GAME_5035,24
GAME_5824,21
GAME_6302,1
GAME_11042,19
GAME_4910,19
GAME_2443,17
GAME_4942,8
GAME_5922,19
GAME_4566,19
GAME_3571,12
GAME_5174,7
GAME_2426,19
GAME_4562,7
GAME_3435,19
GAME_3835,19
GAME_3963,19
GAME_4604,7
GAME_5838,19
GAME_5387,4
GAME_4590,19
GAME_5364,24
GAME_5220,1
GAME_2180,19
GAME_5750,6
GAME_4233,9
GAME_4322,7
GAME_4503,24
GAME_2683,24
GAME_3844,7
GAME_4834,24
GAME_5840,19
GAME_5793,1
GAME_4394,7
GAME_5171,19
GAME_4648,19
GAME_5711,19
GAME_4862,19
GAME_4452,24
GAME_5748,6
GAME_4799,24
GAME_5855,24
GAME_4662,7
GAME_5701,0
GAME_5736,19
GAME_6746,1
GAME_5029,24
GAME_5100,1
GAME_5121,9
GAME_3548,4
GAME_2841,19
GAME_4276,19
GAME_4652,19
GAME_5353,1
GAME_5803,19
GAME_5767,24
GAME_4745,19
GAME_4138,9
GAME_2628,9
GAME_4049,22
GAME_3246,19
GAME_5656,1
GAME_5850,7
GAME_4727,20
GAME_5315,24
GAME_4756,19
GAME_5715,19
GAME_3729,19
GAME_2355,19
GAME_3847,7
GAME_5297,24
GAME_3884,7
GAME_3966,19
GAME_4291,24
GAME_5620,7
GAME_4235,9
GAME_4861,19
GAME_5609,1
GAME_4972,19
GAME_5613,7
GAME_5113,24
GAME_4921,19
GAME_6094,1
GAME_5157,19
GAME_2319,24
GAME_6664,19
GAME_1959,7
GAME_4020,9
GAME_4039,19
GAME_4819,6
GAME_4149,1
GAME_3746,1
GAME_4588,19
GAME_4759,19
GAME_5697,19
GAME_4753,19
GAME_5823,21
GAME_4629,7
GAME_4485,19
GAME_5198,7
GAME_4788,24
GAME_3803,24
GAME_4474,1
GAME_3962,19
GAME_3182,19
GAME_4139,9
GAME_978,19
GAME_4024,9
GAME_5510,19
GAME_5788,7
GAME_6533,7
GAME_3935,24
GAME_5878,1
GAME_5684,24
GAME_3926,24
GAME_5810,7
GAME_5374,4
GAME_5539,24
GAME_4877,7
GAME_5764,24
GAME_4357,1
GAME_5782,7
GAME_3368,19
GAME_4367,1
GAME_5915,24
GAME_5895,19
GAME_5229,24
GAME_5363,24
GAME_6352,19
GAME_4806,19
GAME_7254,1
GAME_1586,7
GAME_5447,19
GAME_5242,19
GAME_4368,19
GAME_5669,19
GAME_4206,7
GAME_2860,15
GAME_2864,15
GAME_4717,19
GAME_5156,19
GAME_4793,24
GAME_2444,17
GAME_3818,19
GAME_3463,24
GAME_4453,24
GAME_5529,24
GAME_5985,19
GAME_5311,19
GAME_1470,5
GAME_4736,1
GAME_4101,19
GAME_4636,1
GAME_2751,19
GAME_5879,1
GAME_4754,19
GAME_3742,1
GAME_5326,1
GAME_5237,19
GAME_5252,15
GAME_5114,24
GAME_5596,1
GAME_2316,24
GAME_4469,7
GAME_4037,19
GAME_3265,7
GAME_4631,7
GAME_5289,1
GAME_5877,1
GAME_11152,7
GAME_5034,24
GAME_4848,19
GAME_5751,6
GAME_2675,1
GAME_4920,19
GAME_2663,24
GAME_5490,1
GAME_4853,19
GAME_4308,24
GAME_3278,19
GAME_4952,24
GAME_1457,7
GAME_5328,1
GAME_4533,1
GAME_5773,24
GAME_3592,19
GAME_5779,24
GAME_5569,20
GAME_6099,15
GAME_3181,19
GAME_6248,24
GAME_5354,1
GAME_5255,15
GAME_4429,19
GAME_4973,19
GAME_5592,1
GAME_4546,24
GAME_5731,19
GAME_6353,19
GAME_5421,19
GAME_5426,24
GAME_3336,19
GAME_4595,19
GAME_3990,19
GAME_5673,24
GAME_4033,19
GAME_4022,9
GAME_3223,20
GAME_3901,19
GAME_2625,9
GAME_3955,7
GAME_3925,24
GAME_4136,9
GAME_2482,19
GAME_3807,24
GAME_4839,19
GAME_5698,19
GAME_5825,21
GAME_5403,19
GAME_4646,19
GAME_10856,19
GAME_5914,24
GAME_3840,19
GAME_6250,24
GAME_5726,19
GAME_5314,24
GAME_9853,24
GAME_2322,24
GAME_4231,1
GAME_5499,19
GAME_4048,22
GAME_1754,19
GAME_4029,19
GAME_3927,19
GAME_5434,19
GAME_5199,7
GAME_3929,24
GAME_5497,19
GAME_4976,18
GAME_4774,24
GAME_5493,1
GAME_2178,19
GAME_3846,7
GAME_5927,1
GAME_1200,2
GAME_4417,1
GAME_2744,19
GAME_5839,19
GAME_5740,19
GAME_5118,24
GAME_5792,1
GAME_5729,19
GAME_3753,19
GAME_5298,24
GAME_4781,24
GAME_3021,19
GAME_4241,24
GAME_3579,12
GAME_5896,19
GAME_5390,4
GAME_4977,18
GAME_1974,7
GAME_5337,24
GAME_5545,24
GAME_4719,19
GAME_6007,7
GAME_4764,19
GAME_6187,7
GAME_6128,1
GAME_5482,24
GAME_4821,6
GAME_4666,7
GAME_3245,20
GAME_4505,24
GAME_2829,24
GAME_4724,7
GAME_4516,1
GAME_5170,1
GAME_5674,24
GAME_10950,1
GAME_5571,20
GAME_6101,15
GAME_5868,19
GAME_5886,1
GAME_3291,19
GAME_2874,15
GAME_3989,19
GAME_5634,24
GAME_5694,7
GAME_4129,24
GAME_5534,1
GAME_3928,24
GAME_4830,19
GAME_4561,19
GAME_3261,7
GAME_3282,19
GAME_4032,19
GAME_5017,24
GAME_3950,19
GAME_5194,7
GAME_4568,19
GAME_5312,19
GAME_5703,0
GAME_4247,24
GAME_5637,24
GAME_5692,7
GAME_5226,24
GAME_5303,7
GAME_4078,19
GAME_5291,1
GAME_5555,24
GAME_5355,1
GAME_4553,24
GAME_4581,20
GAME_4641,19
GAME_4954,24
GAME_5946,21
GAME_5037,24
GAME_5143,7
GAME_4930,19
GAME_4375,19
GAME_3996,19
GAME_3144,7
GAME_1772,19
GAME_3825,20
GAME_2446,17
GAME_3782,19
GAME_4737,19
GAME_5987,19
GAME_6290,1
GAME_3924,19
GAME_4699,24
GAME_3260,7
GAME_5077,23
GAME_1237,19
GAME_3024,19
GAME_5192,7
GAME_4563,19
GAME_1226,2
GAME_4471,7
GAME_4882,7
GAME_5760,24
GAME_5784,7
GAME_6374,19
GAME_5361,24
GAME_4045,22
GAME_4199,7
GAME_4336,9
GAME_4345,1
GAME_4211,19
GAME_1817,24
GAME_3754,5
GAME_4470,1
GAME_4890,1
GAME_5464,24
GAME_4128,24
GAME_5246,19
GAME_2684,1
GAME_1205,2
GAME_5284,19
GAME_3069,24
GAME_2184,19
GAME_4234,9
GAME_4683,9
GAME_5072,19
GAME_4686,19
GAME_6003,19
GAME_4487,19
GAME_6256,19
GAME_5554,24
GAME_6185,7
GAME_3821,20
GAME_3619,19
GAME_5188,24
GAME_3549,4
GAME_2655,24
GAME_3744,19
GAME_5419,19
GAME_10883,1
GAME_4122,24
GAME_5862,19
GAME_4744,19
GAME_5087,15
GAME_4127,9
GAME_4224,7
GAME_5352,1
GAME_4914,10
GAME_2826,24
GAME_5584,24
GAME_5705,0
GAME_3620,19
GAME_3236,19
GAME_5410,24
GAME_4679,24
GAME_4214,7
GAME_5116,24
GAME_3984,19
GAME_5981,19
GAME_5257,15
GAME_5638,24
GAME_4392,7
GAME_5386,4
GAME_4439,24
GAME_2448,17
GAME_4444,24
GAME_4443,24
GAME_4172,19
GAME_4883,7
GAME_5559,24
GAME_2210,19
GAME_1601,7
GAME_5473,1
GAME_6747,1
GAME_4653,1
GAME_4548,24
GAME_2358,19
GAME_5995,19
GAME_5508,19
GAME_4974,19
GAME_4051,22
GAME_5716,19
GAME_4814,6
GAME_4665,7
GAME_5360,1
GAME_4755,19
GAME_6206,21
GAME_4928,19
GAME_5598,1
GAME_5558,24
GAME_6342,24
GAME_1755,24
GAME_4237,24
GAME_3274,19
GAME_5794,1
GAME_5347,19
GAME_4948,19
GAME_2633,9
GAME_2408,1
GAME_3017,19
GAME_5541,24
GAME_4386,1
GAME_5535,1
GAME_3932,24
GAME_4582,20
GAME_2430,19
GAME_4419,1
GAME_5649,23
GAME_5874,0
GAME_4483,19
GAME_4757,19
GAME_5491,1
GAME_4767,1
GAME_5550,24
GAME_5671,24
GAME_4720,7
GAME_2746,19
GAME_4531,19
GAME_4400,1
GAME_5404,19
GAME_5161,19
GAME_4013,19
GAME_4740,1
GAME_4852,19
GAME_3216,19
GAME_4811,6
GAME_5758,1
GAME_3948,19
GAME_4288,24
GAME_5702,0
GAME_4047,22
GAME_3258,7
GAME_5708,19
GAME_3280,19
GAME_5800,19
GAME_4539,7
GAME_4318,7
GAME_3257,7
GAME_4547,24
GAME_3432,19
GAME_4904,19
GAME_3978,19
GAME_5945,21
GAME_5470,1
GAME_5307,19
GAME_3947,19
GAME_4222,7
GAME_6183,7
GAME_4390,7
GAME_5853,24
GAME_3276,19
GAME_5659,7
GAME_4659,7
GAME_5399,19
GAME_4813,6
GAME_4831,24
GAME_5085,15
GAME_2865,15
GAME_5892,19
GAME_4640,19
GAME_4031,19
GAME_3612,19
GAME_4847,19
GAME_4888,1
GAME_4846,19
GAME_2487,19
GAME_3488,24
GAME_5516,1
GAME_5575,24
GAME_4963,19
GAME_5150,19
GAME_4352,19
GAME_5069,19
GAME_4969,19
GAME_4074,19
GAME_4677,24
GAME_6249,24
GAME_5239,19
GAME_2662,24
GAME_5875,0
GAME_3352,19
GAME_5502,19
GAME_5111,24
GAME_4937,24
GAME_4221,1
GAME_5707,19
GAME_2553,24
GAME_5063,1
GAME_4600,17
GAME_4305,24
GAME_3898,19
GAME_6590,19
GAME_5866,19
GAME_1458,5
GAME_4294,19
GAME_4876,7
GAME_5766,24
GAME_5446,19
GAME_4916,10
GAME_3536,19
GAME_4044,22
GAME_5593,1
GAME_4878,7
GAME_5759,1
GAME_4223,1
GAME_4909,19
GAME_4630,1
GAME_5546,24
GAME_1964,7
GAME_3124,7
GAME_5713,19
GAME_10812,19
GAME_3486,5
GAME_5333,24
GAME_4695,24
GAME_4415,1
GAME_5253,15
GAME_4696,24
GAME_3918,19
GAME_4391,7
GAME_5112,24
GAME_3731,19
GAME_5728,19
GAME_5658,1
GAME_4605,7
GAME_4518,19
GAME_4340,19
GAME_4266,19
GAME_5343,19
GAME_4228,7
GAME_3219,20
GAME_4579,20
GAME_4495,24
GAME_5362,24
GAME_5295,24
GAME_5070,19
GAME_5022,19
GAME_1494,20
GAME_5967,19
GAME_3805,24
GAME_5086,15
GAME_9773,16
GAME_5547,24
GAME_4860,19
GAME_5407,24
GAME_3011,19
GAME_3922,19
GAME_5629,19
GAME_6395,24
GAME_4173,19
GAME_2883,15
GAME_3303,19
GAME_11154,7
GAME_5308,19
GAME_3220,19
GAME_3956,7
GAME_3010,24
GAME_3122,19
GAME_3699,24
GAME_4965,19
GAME_5790,7
GAME_5672,24
GAME_4907,19
GAME_3820,19
GAME_5238,19
GAME_4497,24
GAME_5382,4
GAME_4310,24
GAME_3338,19
GAME_5032,24
GAME_5576,19
GAME_3982,19
GAME_3599,19
GAME_5908,1
GAME_9571,19
GAME_5258,15
GAME_5973,19
GAME_2195,7
GAME_2627,9
GAME_4743,1
GAME_5854,24
GAME_2634,9
GAME_3853,7
GAME_4594,19
GAME_5582,24
GAME_4320,7
GAME_5686,24
GAME_5043,24
GAME_4947,19
GAME_4210,7
GAME_5647,23
GAME_5031,24
GAME_3983,19
GAME_4639,1
GAME_4667,7
GAME_4843,24
GAME_4097,19
GAME_5018,24
GAME_5016,24
GAME_4574,19
GAME_5414,19
GAME_5356,1
GAME_4807,19
GAME_10817,19
GAME_5038,24
GAME_5280,19
GAME_5277,19
GAME_3444,1
GAME_3071,24
GAME_3715,7
GAME_5230,24
GAME_4975,19
GAME_4297,19
GAME_6284,1
GAME_4902,14
GAME_5471,1
GAME_5549,24
GAME_5330,1
GAME_2196,7
GAME_5880,1
GAME_4596,19
GAME_5722,24
GAME_4312,24
GAME_4203,19
GAME_2194,7
GAME_5351,19
GAME_5115,24
GAME_4342,19
GAME_3954,7
GAME_4651,19
GAME_3934,24
GAME_5930,1
GAME_4556,24
GAME_4795,24
GAME_5775,24
GAME_2749,19
GAME_3283,19
GAME_4042,19
GAME_4790,24
GAME_4782,24
GAME_4922,19
GAME_5286,19
GAME_5292,1
GAME_5706,0
GAME_3865,19
GAME_3356,19
GAME_4238,24
GAME_5397,19
GAME_3831,19
GAME_6713,19
GAME_1938,19
GAME_4062,19
GAME_5972,19
GAME_5801,19
GAME_4968,19
GAME_11801,19
GAME_1172,24
GAME_5969,19
GAME_5494,1
GAME_4906,19
GAME_3440,19
GAME_5948,21
GAME_3552,4
GAME_5316,24
GAME_4262,19
GAME_5894,19
GAME_4035,19
GAME_1614,7
GAME_4935,9
GAME_9798,16
GAME_4023,9
GAME_4278,19
GAME_5761,24
GAME_3564,12
GAME_4583,20
GAME_1238,19
GAME_5900,19
GAME_5158,19
GAME_5200,7
GAME_4832,5
GAME_4726,7
GAME_3301,19
GAME_5272,19
GAME_4025,9
GAME_4401,1
GAME_3445,1
GAME_2498,19
GAME_4217,7
GAME_5463,19
GAME_5916,24
GAME_5492,1
GAME_4796,24
GAME_5551,24
GAME_5163,19
GAME_3813,24
GAME_2824,24
GAME_3578,12
GAME_4931,19
GAME_6186,7
GAME_4498,1
GAME_10861,19
GAME_5749,6
GAME_4943,8
GAME_6665,19
GAME_5735,19
GAME_6095,1
GAME_4749,1
GAME_3809,24
GAME_4911,19
GAME_4601,17
GAME_4776,24
GAME_1182,24
GAME_3538,19
GAME_3014,19
GAME_3912,19
GAME_4398,1
GAME_4395,7
GAME_6591,19
GAME_4202,7
GAME_4557,24
GAME_3933,19
GAME_4374,1
GAME_3938,24
GAME_3254,7
GAME_4274,19
GAME_4236,9
GAME_4065,19
GAME_5344,19
GAME_3013,24
GAME_5681,18
GAME_4971,19
GAME_4257,19
GAME_4184,19
GAME_4939,24
GAME_3441,19
GAME_4337,9
GAME_4688,7
GAME_4295,19
GAME_4076,19
GAME_4187,19
GAME_5714,19
GAME_4046,22
GAME_3732,19
GAME_4898,14
GAME_4015,19
GAME_4899,14
GAME_5983,19
GAME_5240,19
GAME_5498,19
GAME_5064,1
GAME_7259,1
GAME_5990,19
GAME_2447,17
GAME_5427,24
GAME_5664,7
GAME_5256,15
GAME_4837,24
GAME_1812,24
GAME_1498,20
GAME_5682,18
GAME_3234,20
GAME_4771,1
GAME_5631,19
GAME_3730,19
GAME_5159,19
GAME_2592,11
GAME_4243,24
GAME_5304,7
GAME_4881,7
GAME_4647,1
GAME_5244,19
GAME_4245,24
GAME_2599,11
GAME_4289,24
GAME_9579,19
GAME_4891,1
GAME_3446,1
GAME_4565,7
GAME_7265,1
GAME_5562,24
GAME_12003,19
GAME_2502,19
GAME_5195,7
GAME_4001,19
GAME_3997,19
GAME_4784,24
GAME_5704,0
GAME_3296,19
GAME_3556,12
GAME_2434,19
GAME_1770,13
GAME_4292,24
GAME_3227,19
GAME_4681,24
GAME_1234,24
GAME_5811,7
GAME_4608,7
GAME_4689,7
GAME_5655,23
GAME_5639,19
GAME_4690,7
GAME_3292,19
GAME_3023,24
GAME_5974,19
GAME_3150,19
GAME_4066,19
GAME_5409,24
GAME_1771,19
GAME_5710,19
GAME_1469,7
GAME_5215,7
GAME_4682,24
GAME_4432,19
GAME_1247,19
GAME_4949,19
GAME_4654,19
GAME_5391,19
GAME_4489,19
GAME_6251,24
GAME_5245,19
GAME_4684,9
GAME_2833,24
GAME_5091,15
GAME_4575,19
GAME_4501,24
GAME_2631,9
GAME_5123,9
GAME_4405,1
GAME_4849,19
GAME_4376,24
GAME_4698,24
GAME_5734,19
GAME_3290,19
GAME_3995,7
GAME_5078,23
GAME_5260,15
GAME_4358,19
GAME_4541,19
GAME_9825,16
GAME_2580,11
GAME_4324,7
GAME_5248,19
GAME_5092,1
GAME_5300,24
GAME_4393,7
GAME_4869,24
GAME_3841,19
GAME_3542,19
GAME_2410,1
GAME_3565,12
GAME_4551,24
GAME_5776,24
GAME_2831,24
GAME_1939,19
GAME_3904,19
GAME_2843,19
GAME_5066,1
GAME_5144,7
GAME_4680,24
GAME_2672,3
GAME_5454,9
GAME_5474,1
GAME_5120,24
GAME_5124,9
GAME_5214,7
GAME_5411,24
GAME_4918,10
GAME_5663,1
GAME_4522,19
GAME_4903,14
GAME_3496,5
GAME_3251,19
GAME_3852,7
GAME_5415,19
GAME_4532,19
GAME_2681,3
GAME_5583,19
GAME_5009,19
GAME_1221,2
GAME_5512,19
GAME_5306,7
GAME_4227,1
GAME_5500,19
GAME_6188,7
GAME_5010,19
GAME_2418,19
GAME_4502,1
GAME_4050,22
GAME_4141,9
GAME_5178,7
GAME_4230,7
GAME_5024,19
GAME_1448,19
GAME_4134,24
GAME_3720,19
GAME_4584,20
GAME_3914,19
GAME_4802,24
GAME_4941,24
GAME_3264,7
GAME_3238,19
GAME_5176,7
GAME_2752,19
GAME_4580,20
GAME_3442,1
GAME_5856,24
GAME_5712,19
GAME_4780,24
GAME_3286,19
GAME_3834,19
GAME_6257,19
GAME_3287,19
GAME_4478,1
GAME_4036,19
GAME_4263,19
GAME_4576,19
GAME_3288,19
GAME_4773,1
GAME_4808,19
GAME_5738,19
GAME_4041,19
GAME_5098,1
